grp_gps_translation_Pipeline_shift_loop_fu_212,shift_loop,upc_loop_status1.csv
grp_gps_translation_Pipeline_VITIS_LOOP_23_1_fu_218,VITIS_LOOP_23_1,upc_loop_status2.csv
grp_gps_translation_Pipeline_VITIS_LOOP_132_1_fu_226,VITIS_LOOP_132_1,upc_loop_status3.csv
grp_hls_get_field_from_nmea_fu_234,VITIS_LOOP_51_1,seq_loop_status1.csv
grp_hls_get_field_from_nmea_fu_234.grp_hls_get_field_from_nmea_Pipeline_VITIS_LOOP_53_2_fu_44,VITIS_LOOP_53_2,upc_loop_status4.csv
grp_hls_atoi_w_len_fu_243.grp_hls_atoi_w_len_Pipeline_VITIS_LOOP_8_1_fu_36,VITIS_LOOP_8_1,upc_loop_status5.csv
grp_hls_get_coordinate_fu_252.grp_hls_get_field_from_nmea_fu_43,VITIS_LOOP_51_1,seq_loop_status2.csv
grp_hls_get_coordinate_fu_252.grp_hls_get_field_from_nmea_fu_43.grp_hls_get_field_from_nmea_Pipeline_VITIS_LOOP_53_2_fu_44,VITIS_LOOP_53_2,upc_loop_status6.csv
grp_hls_get_coordinate_fu_252.grp_hls_atoi_w_len_fu_52.grp_hls_atoi_w_len_Pipeline_VITIS_LOOP_8_1_fu_36,VITIS_LOOP_8_1,upc_loop_status7.csv
grp_hls_get_coordinate_1_fu_258.grp_hls_get_field_from_nmea_fu_45,VITIS_LOOP_51_1,seq_loop_status3.csv
grp_hls_get_coordinate_1_fu_258.grp_hls_get_field_from_nmea_fu_45.grp_hls_get_field_from_nmea_Pipeline_VITIS_LOOP_53_2_fu_44,VITIS_LOOP_53_2,upc_loop_status8.csv
grp_hls_get_coordinate_1_fu_258.grp_hls_atoi_w_len_fu_54.grp_hls_atoi_w_len_Pipeline_VITIS_LOOP_8_1_fu_36,VITIS_LOOP_8_1,upc_loop_status9.csv
