,AESL_inst_gps_translation,,module_status1.csv
,grp_gps_translation_Pipeline_shift_loop_fu_212,,module_status2.csv
,grp_gps_translation_Pipeline_VITIS_LOOP_23_1_fu_218,,module_status3.csv
,grp_gps_translation_Pipeline_VITIS_LOOP_132_1_fu_226,,module_status4.csv
,grp_hls_get_field_from_nmea_fu_234,,module_status5.csv
grp_hls_get_field_from_nmea_fu_234,grp_hls_get_field_from_nmea_Pipeline_VITIS_LOOP_53_2_fu_44,,module_status6.csv
,grp_hls_atoi_w_len_fu_243,,module_status7.csv
grp_hls_atoi_w_len_fu_243,grp_hls_atoi_w_len_Pipeline_VITIS_LOOP_8_1_fu_36,,module_status8.csv
,grp_hls_get_coordinate_fu_252,,module_status9.csv
grp_hls_get_coordinate_fu_252,grp_hls_get_field_from_nmea_fu_43,,module_status10.csv
grp_hls_get_coordinate_fu_252.grp_hls_get_field_from_nmea_fu_43,grp_hls_get_field_from_nmea_Pipeline_VITIS_LOOP_53_2_fu_44,,module_status11.csv
grp_hls_get_coordinate_fu_252,grp_hls_atoi_w_len_fu_52,,module_status12.csv
grp_hls_get_coordinate_fu_252.grp_hls_atoi_w_len_fu_52,grp_hls_atoi_w_len_Pipeline_VITIS_LOOP_8_1_fu_36,,module_status13.csv
,grp_hls_get_coordinate_1_fu_258,,module_status14.csv
grp_hls_get_coordinate_1_fu_258,grp_hls_get_field_from_nmea_fu_45,,module_status15.csv
grp_hls_get_coordinate_1_fu_258.grp_hls_get_field_from_nmea_fu_45,grp_hls_get_field_from_nmea_Pipeline_VITIS_LOOP_53_2_fu_44,,module_status16.csv
grp_hls_get_coordinate_1_fu_258,grp_hls_atoi_w_len_fu_54,,module_status17.csv
grp_hls_get_coordinate_1_fu_258.grp_hls_atoi_w_len_fu_54,grp_hls_atoi_w_len_Pipeline_VITIS_LOOP_8_1_fu_36,,module_status18.csv
